
INSERT INTO "SAMPLE"."ACCOUNT_TYPE" (ID,DISPLAY_NAME,SORT_ORDER) VALUES ('Analyst','Analyst',null);
INSERT INTO "SAMPLE"."ACCOUNT_TYPE" (ID,DISPLAY_NAME,SORT_ORDER) VALUES ('Competitor','Competitor',null);
INSERT INTO "SAMPLE"."ACCOUNT_TYPE" (ID,DISPLAY_NAME,SORT_ORDER) VALUES ('Customer','Customer',null);
INSERT INTO "SAMPLE"."ACCOUNT_TYPE" (ID,DISPLAY_NAME,SORT_ORDER) VALUES ('Integrator','Integrator',null);
INSERT INTO "SAMPLE"."ACCOUNT_TYPE" (ID,DISPLAY_NAME,SORT_ORDER) VALUES ('Investor','Investor',null);
INSERT INTO "SAMPLE"."ACCOUNT_TYPE" (ID,DISPLAY_NAME,SORT_ORDER) VALUES ('Other','Other',null);
INSERT INTO "SAMPLE"."ACCOUNT_TYPE" (ID,DISPLAY_NAME,SORT_ORDER) VALUES ('Partner','Partner',null);
INSERT INTO "SAMPLE"."ACCOUNT_TYPE" (ID,DISPLAY_NAME,SORT_ORDER) VALUES ('Press','Press',null);
INSERT INTO "SAMPLE"."ACCOUNT_TYPE" (ID,DISPLAY_NAME,SORT_ORDER) VALUES ('Prospect','Prospect',null);
INSERT INTO "SAMPLE"."ACCOUNT_TYPE" (ID,DISPLAY_NAME,SORT_ORDER) VALUES ('Reseller','Reseller',null);

INSERT INTO "SAMPLE"."INDUSTRY" (ID,DISPLAY_NAME,SORT_ORDER) VALUES ('Apparel','Apparel',null);
INSERT INTO "SAMPLE"."INDUSTRY" (ID,DISPLAY_NAME,SORT_ORDER) VALUES ('Banking','Banking',null);
INSERT INTO "SAMPLE"."INDUSTRY" (ID,DISPLAY_NAME,SORT_ORDER) VALUES ('Biotechnology','Biotechnology',null);
INSERT INTO "SAMPLE"."INDUSTRY" (ID,DISPLAY_NAME,SORT_ORDER) VALUES ('Chemicals','Chemicals',null);
INSERT INTO "SAMPLE"."INDUSTRY" (ID,DISPLAY_NAME,SORT_ORDER) VALUES ('Communication','Communication',null);
INSERT INTO "SAMPLE"."INDUSTRY" (ID,DISPLAY_NAME,SORT_ORDER) VALUES ('Construction','Construction',null);
INSERT INTO "SAMPLE"."INDUSTRY" (ID,DISPLAY_NAME,SORT_ORDER) VALUES ('Consulting','Consulting',null);
INSERT INTO "SAMPLE"."INDUSTRY" (ID,DISPLAY_NAME,SORT_ORDER) VALUES ('Education','Education',null);
INSERT INTO "SAMPLE"."INDUSTRY" (ID,DISPLAY_NAME,SORT_ORDER) VALUES ('Electronics','Electronics',null);
INSERT INTO "SAMPLE"."INDUSTRY" (ID,DISPLAY_NAME,SORT_ORDER) VALUES ('Energy','Energy',null);
INSERT INTO "SAMPLE"."INDUSTRY" (ID,DISPLAY_NAME,SORT_ORDER) VALUES ('Engineering','Engineering',null);
INSERT INTO "SAMPLE"."INDUSTRY" (ID,DISPLAY_NAME,SORT_ORDER) VALUES ('Entertainment','Entertainment',null);
INSERT INTO "SAMPLE"."INDUSTRY" (ID,DISPLAY_NAME,SORT_ORDER) VALUES ('Environmental','Environmental',null);
INSERT INTO "SAMPLE"."INDUSTRY" (ID,DISPLAY_NAME,SORT_ORDER) VALUES ('Finance','Finance',null);
INSERT INTO "SAMPLE"."INDUSTRY" (ID,DISPLAY_NAME,SORT_ORDER) VALUES ('Food & Beverage','Food & Beverage',null);
INSERT INTO "SAMPLE"."INDUSTRY" (ID,DISPLAY_NAME,SORT_ORDER) VALUES ('Government','Government',null);
INSERT INTO "SAMPLE"."INDUSTRY" (ID,DISPLAY_NAME,SORT_ORDER) VALUES ('Healthcare','Healthcare',null);
INSERT INTO "SAMPLE"."INDUSTRY" (ID,DISPLAY_NAME,SORT_ORDER) VALUES ('Hospitality','Hospitality',null);
INSERT INTO "SAMPLE"."INDUSTRY" (ID,DISPLAY_NAME,SORT_ORDER) VALUES ('Insurance','Insurance',null);
INSERT INTO "SAMPLE"."INDUSTRY" (ID,DISPLAY_NAME,SORT_ORDER) VALUES ('Machinery','Machinery',null);
INSERT INTO "SAMPLE"."INDUSTRY" (ID,DISPLAY_NAME,SORT_ORDER) VALUES ('Manufacturing','Manufacturing',null);
INSERT INTO "SAMPLE"."INDUSTRY" (ID,DISPLAY_NAME,SORT_ORDER) VALUES ('Media','Media',null);
INSERT INTO "SAMPLE"."INDUSTRY" (ID,DISPLAY_NAME,SORT_ORDER) VALUES ('Not for Profit','Not for Profit',null);
INSERT INTO "SAMPLE"."INDUSTRY" (ID,DISPLAY_NAME,SORT_ORDER) VALUES ('Other','Other',null);
INSERT INTO "SAMPLE"."INDUSTRY" (ID,DISPLAY_NAME,SORT_ORDER) VALUES ('Recreation','Recreation',null);
INSERT INTO "SAMPLE"."INDUSTRY" (ID,DISPLAY_NAME,SORT_ORDER) VALUES ('Retail','Retail',null);
INSERT INTO "SAMPLE"."INDUSTRY" (ID,DISPLAY_NAME,SORT_ORDER) VALUES ('Shipping','Shipping',null);
INSERT INTO "SAMPLE"."INDUSTRY" (ID,DISPLAY_NAME,SORT_ORDER) VALUES ('Technology','Technology',null);
INSERT INTO "SAMPLE"."INDUSTRY" (ID,DISPLAY_NAME,SORT_ORDER) VALUES ('Telecommunications','Telecommunications',null);
INSERT INTO "SAMPLE"."INDUSTRY" (ID,DISPLAY_NAME,SORT_ORDER) VALUES ('Transportation','Transportation',null);
INSERT INTO "SAMPLE"."INDUSTRY" (ID,DISPLAY_NAME,SORT_ORDER) VALUES ('Utilities','Utilities',null);


INSERT INTO "SAMPLE"."LEAD_SOURCE" (ID,DISPLAY_NAME,SORT_ORDER) VALUES ('Cold Call','Cold Call',0);
INSERT INTO "SAMPLE"."LEAD_SOURCE" (ID,DISPLAY_NAME,SORT_ORDER) VALUES ('Conference','Conference',7);
INSERT INTO "SAMPLE"."LEAD_SOURCE" (ID,DISPLAY_NAME,SORT_ORDER) VALUES ('Direct Mail','Direct Mail',6);
INSERT INTO "SAMPLE"."LEAD_SOURCE" (ID,DISPLAY_NAME,SORT_ORDER) VALUES ('Employee','Employee',3);
INSERT INTO "SAMPLE"."LEAD_SOURCE" (ID,DISPLAY_NAME,SORT_ORDER) VALUES ('Existing Customer','Existing Customer',1);
INSERT INTO "SAMPLE"."LEAD_SOURCE" (ID,DISPLAY_NAME,SORT_ORDER) VALUES ('Other','Other',11);
INSERT INTO "SAMPLE"."LEAD_SOURCE" (ID,DISPLAY_NAME,SORT_ORDER) VALUES ('Partner','Partner',4);
INSERT INTO "SAMPLE"."LEAD_SOURCE" (ID,DISPLAY_NAME,SORT_ORDER) VALUES ('Public Relations','Public Relations',5);
INSERT INTO "SAMPLE"."LEAD_SOURCE" (ID,DISPLAY_NAME,SORT_ORDER) VALUES ('Self-generated','Self-generated',2);
INSERT INTO "SAMPLE"."LEAD_SOURCE" (ID,DISPLAY_NAME,SORT_ORDER) VALUES ('Trade Show','Trade Show',8);
INSERT INTO "SAMPLE"."LEAD_SOURCE" (ID,DISPLAY_NAME,SORT_ORDER) VALUES ('Website','Website',9);
INSERT INTO "SAMPLE"."LEAD_SOURCE" (ID,DISPLAY_NAME,SORT_ORDER) VALUES ('Word of Mouth','Word of Mouth',10);


INSERT INTO "SAMPLE"."SALES_STAGE" (ID,DISPLAY_NAME,SORT_ORDER,PROBABILITY) VALUES ('Closed Lost','Closed Lost',9,0.0);
INSERT INTO "SAMPLE"."SALES_STAGE" (ID,DISPLAY_NAME,SORT_ORDER,PROBABILITY) VALUES ('Closed Won','Closed Won',8,1.0);
INSERT INTO "SAMPLE"."SALES_STAGE" (ID,DISPLAY_NAME,SORT_ORDER,PROBABILITY) VALUES ('Id. Decision Makers','Id. Decision Makers',4,0.4);
INSERT INTO "SAMPLE"."SALES_STAGE" (ID,DISPLAY_NAME,SORT_ORDER,PROBABILITY) VALUES ('Needs Analysis','Needs Analysis',2,0.25);
INSERT INTO "SAMPLE"."SALES_STAGE" (ID,DISPLAY_NAME,SORT_ORDER,PROBABILITY) VALUES ('Negotiation/Review','Negotiation/Review',7,0.8);
INSERT INTO "SAMPLE"."SALES_STAGE" (ID,DISPLAY_NAME,SORT_ORDER,PROBABILITY) VALUES ('Perception Analysis','Perception Analysis',5,0.5);
INSERT INTO "SAMPLE"."SALES_STAGE" (ID,DISPLAY_NAME,SORT_ORDER,PROBABILITY) VALUES ('Proposal/Price Quote','Proposal/Price Quote',6,0.65);
INSERT INTO "SAMPLE"."SALES_STAGE" (ID,DISPLAY_NAME,SORT_ORDER,PROBABILITY) VALUES ('Prospecting','Prospecting',0,0.1);
INSERT INTO "SAMPLE"."SALES_STAGE" (ID,DISPLAY_NAME,SORT_ORDER,PROBABILITY) VALUES ('Qualification','Qualification',1,0.2);
INSERT INTO "SAMPLE"."SALES_STAGE" (ID,DISPLAY_NAME,SORT_ORDER,PROBABILITY) VALUES ('Value Proposition','Value Proposition',3,0.3);

INSERT INTO "SAMPLE"."CURRENCY" (ID,DISPLAY_NAME,SORT_ORDER) VALUES ('ARS','ARS-Argentina',null);
INSERT INTO "SAMPLE"."CURRENCY" (ID,DISPLAY_NAME,SORT_ORDER) VALUES ('AUD','AUD-Australia',null);
INSERT INTO "SAMPLE"."CURRENCY" (ID,DISPLAY_NAME,SORT_ORDER) VALUES ('BDT','BDT-Bangladesh',null);
INSERT INTO "SAMPLE"."CURRENCY" (ID,DISPLAY_NAME,SORT_ORDER) VALUES ('BGN','BGN-Bulgaria',null);
INSERT INTO "SAMPLE"."CURRENCY" (ID,DISPLAY_NAME,SORT_ORDER) VALUES ('BRL','BRL-Brazil',null);
INSERT INTO "SAMPLE"."CURRENCY" (ID,DISPLAY_NAME,SORT_ORDER) VALUES ('CAD','CAD-Canada',null);
INSERT INTO "SAMPLE"."CURRENCY" (ID,DISPLAY_NAME,SORT_ORDER) VALUES ('CHF','CHF-Liechtenstein',null);
INSERT INTO "SAMPLE"."CURRENCY" (ID,DISPLAY_NAME,SORT_ORDER) VALUES ('CZK','CZK-Czech Republic',null);
INSERT INTO "SAMPLE"."CURRENCY" (ID,DISPLAY_NAME,SORT_ORDER) VALUES ('DKK','DKK-Faroe Islands',null);
INSERT INTO "SAMPLE"."CURRENCY" (ID,DISPLAY_NAME,SORT_ORDER) VALUES ('DOP','DOP-Dominican Republic',null);
INSERT INTO "SAMPLE"."CURRENCY" (ID,DISPLAY_NAME,SORT_ORDER) VALUES ('EUR','EUR-Europe',null);
INSERT INTO "SAMPLE"."CURRENCY" (ID,DISPLAY_NAME,SORT_ORDER) VALUES ('GBP','GBP-United Kingdom',null);
INSERT INTO "SAMPLE"."CURRENCY" (ID,DISPLAY_NAME,SORT_ORDER) VALUES ('GTQ','GTQ-Guatemala',null);
INSERT INTO "SAMPLE"."CURRENCY" (ID,DISPLAY_NAME,SORT_ORDER) VALUES ('GYD','GYD-Guyana',null);
INSERT INTO "SAMPLE"."CURRENCY" (ID,DISPLAY_NAME,SORT_ORDER) VALUES ('HRK','HRK-Croatia',null);
INSERT INTO "SAMPLE"."CURRENCY" (ID,DISPLAY_NAME,SORT_ORDER) VALUES ('HUF','HUF-Hungary',null);
INSERT INTO "SAMPLE"."CURRENCY" (ID,DISPLAY_NAME,SORT_ORDER) VALUES ('INR','INR-India',null);
INSERT INTO "SAMPLE"."CURRENCY" (ID,DISPLAY_NAME,SORT_ORDER) VALUES ('ISK','ISK-Iceland',null);
INSERT INTO "SAMPLE"."CURRENCY" (ID,DISPLAY_NAME,SORT_ORDER) VALUES ('JPY','JPY-Japan',null);
INSERT INTO "SAMPLE"."CURRENCY" (ID,DISPLAY_NAME,SORT_ORDER) VALUES ('LKR','LKR-Sri Lanka',null);
INSERT INTO "SAMPLE"."CURRENCY" (ID,DISPLAY_NAME,SORT_ORDER) VALUES ('LTL','LTL-Lithuania',null);
INSERT INTO "SAMPLE"."CURRENCY" (ID,DISPLAY_NAME,SORT_ORDER) VALUES ('MDL','MDL-Moldova',null);
INSERT INTO "SAMPLE"."CURRENCY" (ID,DISPLAY_NAME,SORT_ORDER) VALUES ('MKD','MKD-Macedonia',null);
INSERT INTO "SAMPLE"."CURRENCY" (ID,DISPLAY_NAME,SORT_ORDER) VALUES ('MXN','MXN-Mexico',null);
INSERT INTO "SAMPLE"."CURRENCY" (ID,DISPLAY_NAME,SORT_ORDER) VALUES ('MYR','MYR-Malaysia',null);
INSERT INTO "SAMPLE"."CURRENCY" (ID,DISPLAY_NAME,SORT_ORDER) VALUES ('NOK','NOK-Norway',null);
INSERT INTO "SAMPLE"."CURRENCY" (ID,DISPLAY_NAME,SORT_ORDER) VALUES ('NZD','NZD-New Zealand',null);
INSERT INTO "SAMPLE"."CURRENCY" (ID,DISPLAY_NAME,SORT_ORDER) VALUES ('PHP','PHP-Philippines',null);
INSERT INTO "SAMPLE"."CURRENCY" (ID,DISPLAY_NAME,SORT_ORDER) VALUES ('PKR','PKR-Pakistan',null);
INSERT INTO "SAMPLE"."CURRENCY" (ID,DISPLAY_NAME,SORT_ORDER) VALUES ('PLN','PLN-Poland',null);
INSERT INTO "SAMPLE"."CURRENCY" (ID,DISPLAY_NAME,SORT_ORDER) VALUES ('RUB','RUB-Russia',null);
INSERT INTO "SAMPLE"."CURRENCY" (ID,DISPLAY_NAME,SORT_ORDER) VALUES ('SEK','SEK-Sweden',null);
INSERT INTO "SAMPLE"."CURRENCY" (ID,DISPLAY_NAME,SORT_ORDER) VALUES ('THB','THB-Thailand',null);
INSERT INTO "SAMPLE"."CURRENCY" (ID,DISPLAY_NAME,SORT_ORDER) VALUES ('TRY','TRY-Turkey',null);
INSERT INTO "SAMPLE"."CURRENCY" (ID,DISPLAY_NAME,SORT_ORDER) VALUES ('USD','USD-United States',null);
INSERT INTO "SAMPLE"."CURRENCY" (ID,DISPLAY_NAME,SORT_ORDER) VALUES ('ZAR','ZAR-South Africa',null);


INSERT INTO "SAMPLE"."COUNTRY" (ID,DISPLAY_NAME,SORT_ORDER,COUNTRY_TYPE,MAX_POSTAL_CODE,MIN_POSTAL_CODE,CURRENCY_ID) VALUES ('AD','Andorra',null,null,'AD700','AD100',null);
INSERT INTO "SAMPLE"."COUNTRY" (ID,DISPLAY_NAME,SORT_ORDER,COUNTRY_TYPE,MAX_POSTAL_CODE,MIN_POSTAL_CODE,CURRENCY_ID) VALUES ('AR','Argentina',null,null,'9431','1601',null);
INSERT INTO "SAMPLE"."COUNTRY" (ID,DISPLAY_NAME,SORT_ORDER,COUNTRY_TYPE,MAX_POSTAL_CODE,MIN_POSTAL_CODE,CURRENCY_ID) VALUES ('AS','American Samoa',null,null,'96799','96799',null);
INSERT INTO "SAMPLE"."COUNTRY" (ID,DISPLAY_NAME,SORT_ORDER,COUNTRY_TYPE,MAX_POSTAL_CODE,MIN_POSTAL_CODE,CURRENCY_ID) VALUES ('AT','Austria',null,null,'9992','1010',null);
INSERT INTO "SAMPLE"."COUNTRY" (ID,DISPLAY_NAME,SORT_ORDER,COUNTRY_TYPE,MAX_POSTAL_CODE,MIN_POSTAL_CODE,CURRENCY_ID) VALUES ('AU','Australia',null,null,'9726','0200',null);
INSERT INTO "SAMPLE"."COUNTRY" (ID,DISPLAY_NAME,SORT_ORDER,COUNTRY_TYPE,MAX_POSTAL_CODE,MIN_POSTAL_CODE,CURRENCY_ID) VALUES ('BD','Bangladesh',null,null,'9461','1000',null);
INSERT INTO "SAMPLE"."COUNTRY" (ID,DISPLAY_NAME,SORT_ORDER,COUNTRY_TYPE,MAX_POSTAL_CODE,MIN_POSTAL_CODE,CURRENCY_ID) VALUES ('BE','Belgium',null,null,'9992','1000',null);
INSERT INTO "SAMPLE"."COUNTRY" (ID,DISPLAY_NAME,SORT_ORDER,COUNTRY_TYPE,MAX_POSTAL_CODE,MIN_POSTAL_CODE,CURRENCY_ID) VALUES ('BG','Bulgaria',null,null,'9974','1000',null);
INSERT INTO "SAMPLE"."COUNTRY" (ID,DISPLAY_NAME,SORT_ORDER,COUNTRY_TYPE,MAX_POSTAL_CODE,MIN_POSTAL_CODE,CURRENCY_ID) VALUES ('BR','Brazil',null,null,'99990-000','01000-000',null);
INSERT INTO "SAMPLE"."COUNTRY" (ID,DISPLAY_NAME,SORT_ORDER,COUNTRY_TYPE,MAX_POSTAL_CODE,MIN_POSTAL_CODE,CURRENCY_ID) VALUES ('CA','Canada',null,null,'Y1A','A0A',null);
INSERT INTO "SAMPLE"."COUNTRY" (ID,DISPLAY_NAME,SORT_ORDER,COUNTRY_TYPE,MAX_POSTAL_CODE,MIN_POSTAL_CODE,CURRENCY_ID) VALUES ('CH','Switzerland',null,null,'9658','1000',null);
INSERT INTO "SAMPLE"."COUNTRY" (ID,DISPLAY_NAME,SORT_ORDER,COUNTRY_TYPE,MAX_POSTAL_CODE,MIN_POSTAL_CODE,CURRENCY_ID) VALUES ('CZ','Czech Republic',null,null,'798 62','100 00',null);
INSERT INTO "SAMPLE"."COUNTRY" (ID,DISPLAY_NAME,SORT_ORDER,COUNTRY_TYPE,MAX_POSTAL_CODE,MIN_POSTAL_CODE,CURRENCY_ID) VALUES ('DE','Germany',null,null,'99998','01067',null);
INSERT INTO "SAMPLE"."COUNTRY" (ID,DISPLAY_NAME,SORT_ORDER,COUNTRY_TYPE,MAX_POSTAL_CODE,MIN_POSTAL_CODE,CURRENCY_ID) VALUES ('DK','Denmark',null,null,'9990','0800',null);
INSERT INTO "SAMPLE"."COUNTRY" (ID,DISPLAY_NAME,SORT_ORDER,COUNTRY_TYPE,MAX_POSTAL_CODE,MIN_POSTAL_CODE,CURRENCY_ID) VALUES ('DO','Dominican Republic',null,null,'11906','10101',null);
INSERT INTO "SAMPLE"."COUNTRY" (ID,DISPLAY_NAME,SORT_ORDER,COUNTRY_TYPE,MAX_POSTAL_CODE,MIN_POSTAL_CODE,CURRENCY_ID) VALUES ('ES','Spain',null,null,'52080','01001',null);
INSERT INTO "SAMPLE"."COUNTRY" (ID,DISPLAY_NAME,SORT_ORDER,COUNTRY_TYPE,MAX_POSTAL_CODE,MIN_POSTAL_CODE,CURRENCY_ID) VALUES ('FI','Finland',null,null,'99999','00002',null);
INSERT INTO "SAMPLE"."COUNTRY" (ID,DISPLAY_NAME,SORT_ORDER,COUNTRY_TYPE,MAX_POSTAL_CODE,MIN_POSTAL_CODE,CURRENCY_ID) VALUES ('FO','Faroe Islands',null,null,'970','100',null);
INSERT INTO "SAMPLE"."COUNTRY" (ID,DISPLAY_NAME,SORT_ORDER,COUNTRY_TYPE,MAX_POSTAL_CODE,MIN_POSTAL_CODE,CURRENCY_ID) VALUES ('FR','France',null,null,'98799','01000',null);
INSERT INTO "SAMPLE"."COUNTRY" (ID,DISPLAY_NAME,SORT_ORDER,COUNTRY_TYPE,MAX_POSTAL_CODE,MIN_POSTAL_CODE,CURRENCY_ID) VALUES ('GB','United Kingdom',null,null,'ZE3 9JZ','AB1',null);
INSERT INTO "SAMPLE"."COUNTRY" (ID,DISPLAY_NAME,SORT_ORDER,COUNTRY_TYPE,MAX_POSTAL_CODE,MIN_POSTAL_CODE,CURRENCY_ID) VALUES ('GF','French Guiana',null,null,'97390','97300',null);
INSERT INTO "SAMPLE"."COUNTRY" (ID,DISPLAY_NAME,SORT_ORDER,COUNTRY_TYPE,MAX_POSTAL_CODE,MIN_POSTAL_CODE,CURRENCY_ID) VALUES ('GL','Greenland',null,null,'3992','2412',null);
INSERT INTO "SAMPLE"."COUNTRY" (ID,DISPLAY_NAME,SORT_ORDER,COUNTRY_TYPE,MAX_POSTAL_CODE,MIN_POSTAL_CODE,CURRENCY_ID) VALUES ('GP','Guadeloupe',null,null,'97190','97100',null);
INSERT INTO "SAMPLE"."COUNTRY" (ID,DISPLAY_NAME,SORT_ORDER,COUNTRY_TYPE,MAX_POSTAL_CODE,MIN_POSTAL_CODE,CURRENCY_ID) VALUES ('GR','Greece',null,null,'859 00','104 31',null);
INSERT INTO "SAMPLE"."COUNTRY" (ID,DISPLAY_NAME,SORT_ORDER,COUNTRY_TYPE,MAX_POSTAL_CODE,MIN_POSTAL_CODE,CURRENCY_ID) VALUES ('GT','Guatemala',null,null,'22027','01001',null);
INSERT INTO "SAMPLE"."COUNTRY" (ID,DISPLAY_NAME,SORT_ORDER,COUNTRY_TYPE,MAX_POSTAL_CODE,MIN_POSTAL_CODE,CURRENCY_ID) VALUES ('GU','Guam',null,null,'96932','96910',null);
INSERT INTO "SAMPLE"."COUNTRY" (ID,DISPLAY_NAME,SORT_ORDER,COUNTRY_TYPE,MAX_POSTAL_CODE,MIN_POSTAL_CODE,CURRENCY_ID) VALUES ('GY','Guyana',null,null,'97360','97312',null);
INSERT INTO "SAMPLE"."COUNTRY" (ID,DISPLAY_NAME,SORT_ORDER,COUNTRY_TYPE,MAX_POSTAL_CODE,MIN_POSTAL_CODE,CURRENCY_ID) VALUES ('HR','Croatia',null,null,'53296','10000',null);
INSERT INTO "SAMPLE"."COUNTRY" (ID,DISPLAY_NAME,SORT_ORDER,COUNTRY_TYPE,MAX_POSTAL_CODE,MIN_POSTAL_CODE,CURRENCY_ID) VALUES ('HU','Hungary',null,null,'9985','1011',null);
INSERT INTO "SAMPLE"."COUNTRY" (ID,DISPLAY_NAME,SORT_ORDER,COUNTRY_TYPE,MAX_POSTAL_CODE,MIN_POSTAL_CODE,CURRENCY_ID) VALUES ('IN','India',null,null,'855126','110001',null);
INSERT INTO "SAMPLE"."COUNTRY" (ID,DISPLAY_NAME,SORT_ORDER,COUNTRY_TYPE,MAX_POSTAL_CODE,MIN_POSTAL_CODE,CURRENCY_ID) VALUES ('IS','Iceland',null,null,'902','101',null);
INSERT INTO "SAMPLE"."COUNTRY" (ID,DISPLAY_NAME,SORT_ORDER,COUNTRY_TYPE,MAX_POSTAL_CODE,MIN_POSTAL_CODE,CURRENCY_ID) VALUES ('IT','Italy',null,null,'98168','00010',null);
INSERT INTO "SAMPLE"."COUNTRY" (ID,DISPLAY_NAME,SORT_ORDER,COUNTRY_TYPE,MAX_POSTAL_CODE,MIN_POSTAL_CODE,CURRENCY_ID) VALUES ('JP','Japan',null,null,'999-8531','100-0001',null);
INSERT INTO "SAMPLE"."COUNTRY" (ID,DISPLAY_NAME,SORT_ORDER,COUNTRY_TYPE,MAX_POSTAL_CODE,MIN_POSTAL_CODE,CURRENCY_ID) VALUES ('LI','Liechtenstein',null,null,'9498','9485',null);
INSERT INTO "SAMPLE"."COUNTRY" (ID,DISPLAY_NAME,SORT_ORDER,COUNTRY_TYPE,MAX_POSTAL_CODE,MIN_POSTAL_CODE,CURRENCY_ID) VALUES ('LK','Sri Lanka',null,null,'96167',' *',null);
INSERT INTO "SAMPLE"."COUNTRY" (ID,DISPLAY_NAME,SORT_ORDER,COUNTRY_TYPE,MAX_POSTAL_CODE,MIN_POSTAL_CODE,CURRENCY_ID) VALUES ('LT','Lithuania',null,null,'99069','00001',null);
INSERT INTO "SAMPLE"."COUNTRY" (ID,DISPLAY_NAME,SORT_ORDER,COUNTRY_TYPE,MAX_POSTAL_CODE,MIN_POSTAL_CODE,CURRENCY_ID) VALUES ('LU','Luxembourg',null,null,'L-9999','L-1009',null);
INSERT INTO "SAMPLE"."COUNTRY" (ID,DISPLAY_NAME,SORT_ORDER,COUNTRY_TYPE,MAX_POSTAL_CODE,MIN_POSTAL_CODE,CURRENCY_ID) VALUES ('MC','Monaco',null,null,'98000','98000',null);
INSERT INTO "SAMPLE"."COUNTRY" (ID,DISPLAY_NAME,SORT_ORDER,COUNTRY_TYPE,MAX_POSTAL_CODE,MIN_POSTAL_CODE,CURRENCY_ID) VALUES ('MD','Moldova',null,null,'MD-7731','MD-2000',null);
INSERT INTO "SAMPLE"."COUNTRY" (ID,DISPLAY_NAME,SORT_ORDER,COUNTRY_TYPE,MAX_POSTAL_CODE,MIN_POSTAL_CODE,CURRENCY_ID) VALUES ('MH','Marshall Islands',null,null,'96970','96960',null);
INSERT INTO "SAMPLE"."COUNTRY" (ID,DISPLAY_NAME,SORT_ORDER,COUNTRY_TYPE,MAX_POSTAL_CODE,MIN_POSTAL_CODE,CURRENCY_ID) VALUES ('MK','Macedonia',null,null,'7550','1000',null);
INSERT INTO "SAMPLE"."COUNTRY" (ID,DISPLAY_NAME,SORT_ORDER,COUNTRY_TYPE,MAX_POSTAL_CODE,MIN_POSTAL_CODE,CURRENCY_ID) VALUES ('MP','Northern Mariana Islands',null,null,'96952','96950',null);
INSERT INTO "SAMPLE"."COUNTRY" (ID,DISPLAY_NAME,SORT_ORDER,COUNTRY_TYPE,MAX_POSTAL_CODE,MIN_POSTAL_CODE,CURRENCY_ID) VALUES ('MQ','Martinique',null,null,'97290','97200',null);
INSERT INTO "SAMPLE"."COUNTRY" (ID,DISPLAY_NAME,SORT_ORDER,COUNTRY_TYPE,MAX_POSTAL_CODE,MIN_POSTAL_CODE,CURRENCY_ID) VALUES ('MX','Mexico',null,null,'99998','01000',null);
INSERT INTO "SAMPLE"."COUNTRY" (ID,DISPLAY_NAME,SORT_ORDER,COUNTRY_TYPE,MAX_POSTAL_CODE,MIN_POSTAL_CODE,CURRENCY_ID) VALUES ('MY','Malaysia',null,null,'98859','01000',null);
INSERT INTO "SAMPLE"."COUNTRY" (ID,DISPLAY_NAME,SORT_ORDER,COUNTRY_TYPE,MAX_POSTAL_CODE,MIN_POSTAL_CODE,CURRENCY_ID) VALUES ('NL','Netherlands',null,null,'9999','1000',null);
INSERT INTO "SAMPLE"."COUNTRY" (ID,DISPLAY_NAME,SORT_ORDER,COUNTRY_TYPE,MAX_POSTAL_CODE,MIN_POSTAL_CODE,CURRENCY_ID) VALUES ('NO','Norway',null,null,'9991','0001',null);
INSERT INTO "SAMPLE"."COUNTRY" (ID,DISPLAY_NAME,SORT_ORDER,COUNTRY_TYPE,MAX_POSTAL_CODE,MIN_POSTAL_CODE,CURRENCY_ID) VALUES ('NZ','New Zealand',null,null,'9893','0110',null);
INSERT INTO "SAMPLE"."COUNTRY" (ID,DISPLAY_NAME,SORT_ORDER,COUNTRY_TYPE,MAX_POSTAL_CODE,MIN_POSTAL_CODE,CURRENCY_ID) VALUES ('PH','Philippines',null,null,'9811','0400',null);
INSERT INTO "SAMPLE"."COUNTRY" (ID,DISPLAY_NAME,SORT_ORDER,COUNTRY_TYPE,MAX_POSTAL_CODE,MIN_POSTAL_CODE,CURRENCY_ID) VALUES ('PK','Pakistan',null,null,'97320','10010',null);
INSERT INTO "SAMPLE"."COUNTRY" (ID,DISPLAY_NAME,SORT_ORDER,COUNTRY_TYPE,MAX_POSTAL_CODE,MIN_POSTAL_CODE,CURRENCY_ID) VALUES ('PL','Poland',null,null,'99-440','00-001',null);
INSERT INTO "SAMPLE"."COUNTRY" (ID,DISPLAY_NAME,SORT_ORDER,COUNTRY_TYPE,MAX_POSTAL_CODE,MIN_POSTAL_CODE,CURRENCY_ID) VALUES ('PM','Saint Pierre and Miquelon',null,null,'97500','97500',null);
INSERT INTO "SAMPLE"."COUNTRY" (ID,DISPLAY_NAME,SORT_ORDER,COUNTRY_TYPE,MAX_POSTAL_CODE,MIN_POSTAL_CODE,CURRENCY_ID) VALUES ('PR','Puerto Rico',null,null,'00988','00601',null);
INSERT INTO "SAMPLE"."COUNTRY" (ID,DISPLAY_NAME,SORT_ORDER,COUNTRY_TYPE,MAX_POSTAL_CODE,MIN_POSTAL_CODE,CURRENCY_ID) VALUES ('PT','Portugal',null,null,'9980-999','1000-001',null);
INSERT INTO "SAMPLE"."COUNTRY" (ID,DISPLAY_NAME,SORT_ORDER,COUNTRY_TYPE,MAX_POSTAL_CODE,MIN_POSTAL_CODE,CURRENCY_ID) VALUES ('RE','Reunion',null,null,'97490','97400',null);
INSERT INTO "SAMPLE"."COUNTRY" (ID,DISPLAY_NAME,SORT_ORDER,COUNTRY_TYPE,MAX_POSTAL_CODE,MIN_POSTAL_CODE,CURRENCY_ID) VALUES ('RU','Russia',null,null,'901993','101000',null);
INSERT INTO "SAMPLE"."COUNTRY" (ID,DISPLAY_NAME,SORT_ORDER,COUNTRY_TYPE,MAX_POSTAL_CODE,MIN_POSTAL_CODE,CURRENCY_ID) VALUES ('SE','Sweden',null,null,'98499','10005',null);
INSERT INTO "SAMPLE"."COUNTRY" (ID,DISPLAY_NAME,SORT_ORDER,COUNTRY_TYPE,MAX_POSTAL_CODE,MIN_POSTAL_CODE,CURRENCY_ID) VALUES ('SI','Slovenia',null,null,'9600','1000',null);
INSERT INTO "SAMPLE"."COUNTRY" (ID,DISPLAY_NAME,SORT_ORDER,COUNTRY_TYPE,MAX_POSTAL_CODE,MIN_POSTAL_CODE,CURRENCY_ID) VALUES ('SK','Slovakia',null,null,'992 01','010 01',null);
INSERT INTO "SAMPLE"."COUNTRY" (ID,DISPLAY_NAME,SORT_ORDER,COUNTRY_TYPE,MAX_POSTAL_CODE,MIN_POSTAL_CODE,CURRENCY_ID) VALUES ('SM','San Marino',null,null,'47899','47890',null);
INSERT INTO "SAMPLE"."COUNTRY" (ID,DISPLAY_NAME,SORT_ORDER,COUNTRY_TYPE,MAX_POSTAL_CODE,MIN_POSTAL_CODE,CURRENCY_ID) VALUES ('TH','Thailand',null,null,'96220','10100',null);
INSERT INTO "SAMPLE"."COUNTRY" (ID,DISPLAY_NAME,SORT_ORDER,COUNTRY_TYPE,MAX_POSTAL_CODE,MIN_POSTAL_CODE,CURRENCY_ID) VALUES ('TR','Turkey',null,null,'81950','01000',null);
INSERT INTO "SAMPLE"."COUNTRY" (ID,DISPLAY_NAME,SORT_ORDER,COUNTRY_TYPE,MAX_POSTAL_CODE,MIN_POSTAL_CODE,CURRENCY_ID) VALUES ('US','United States',null,null,'99950','00210',null);
INSERT INTO "SAMPLE"."COUNTRY" (ID,DISPLAY_NAME,SORT_ORDER,COUNTRY_TYPE,MAX_POSTAL_CODE,MIN_POSTAL_CODE,CURRENCY_ID) VALUES ('VA','Vatican City',null,null,'00120','00120',null);
INSERT INTO "SAMPLE"."COUNTRY" (ID,DISPLAY_NAME,SORT_ORDER,COUNTRY_TYPE,MAX_POSTAL_CODE,MIN_POSTAL_CODE,CURRENCY_ID) VALUES ('VI','US Virgin Islands',null,null,'00851','00801',null);
INSERT INTO "SAMPLE"."COUNTRY" (ID,DISPLAY_NAME,SORT_ORDER,COUNTRY_TYPE,MAX_POSTAL_CODE,MIN_POSTAL_CODE,CURRENCY_ID) VALUES ('YT','Mayotte',null,null,'97680','97600',null);
INSERT INTO "SAMPLE"."COUNTRY" (ID,DISPLAY_NAME,SORT_ORDER,COUNTRY_TYPE,MAX_POSTAL_CODE,MIN_POSTAL_CODE,CURRENCY_ID) VALUES ('ZA','South Africa',null,null,'9992','0002',null);


INSERT INTO "SAMPLE"."STATE" (ID,DISPLAY_NAME,SORT_ORDER,CODE,STATE_TYPE,COUNTRY_ID) VALUES ('AU-ACT','Australian Capital Territory',null,'ACT',null,'AU');
INSERT INTO "SAMPLE"."STATE" (ID,DISPLAY_NAME,SORT_ORDER,CODE,STATE_TYPE,COUNTRY_ID) VALUES ('AU-NSW','New South Wales',null,'NSW',null,'AU');
INSERT INTO "SAMPLE"."STATE" (ID,DISPLAY_NAME,SORT_ORDER,CODE,STATE_TYPE,COUNTRY_ID) VALUES ('AU-NT','Northern Territory',null,'NT',null,'AU');
INSERT INTO "SAMPLE"."STATE" (ID,DISPLAY_NAME,SORT_ORDER,CODE,STATE_TYPE,COUNTRY_ID) VALUES ('AU-QLD','Queensland',null,'QLD',null,'AU');
INSERT INTO "SAMPLE"."STATE" (ID,DISPLAY_NAME,SORT_ORDER,CODE,STATE_TYPE,COUNTRY_ID) VALUES ('AU-SA','South Australia',null,'SA',null,'AU');
INSERT INTO "SAMPLE"."STATE" (ID,DISPLAY_NAME,SORT_ORDER,CODE,STATE_TYPE,COUNTRY_ID) VALUES ('AU-TAS','Tasmania',null,'TAS',null,'AU');
INSERT INTO "SAMPLE"."STATE" (ID,DISPLAY_NAME,SORT_ORDER,CODE,STATE_TYPE,COUNTRY_ID) VALUES ('AU-VIC','Victoria',null,'VIC',null,'AU');
INSERT INTO "SAMPLE"."STATE" (ID,DISPLAY_NAME,SORT_ORDER,CODE,STATE_TYPE,COUNTRY_ID) VALUES ('AU-WA','Western Australia',null,'WA',null,'AU');
INSERT INTO "SAMPLE"."STATE" (ID,DISPLAY_NAME,SORT_ORDER,CODE,STATE_TYPE,COUNTRY_ID) VALUES ('CA-AB','Alberta',null,'AB',null,'CA');
INSERT INTO "SAMPLE"."STATE" (ID,DISPLAY_NAME,SORT_ORDER,CODE,STATE_TYPE,COUNTRY_ID) VALUES ('CA-BC','British Columbia',null,'BC',null,'CA');
INSERT INTO "SAMPLE"."STATE" (ID,DISPLAY_NAME,SORT_ORDER,CODE,STATE_TYPE,COUNTRY_ID) VALUES ('CA-MB','Manitoba',null,'MB',null,'CA');
INSERT INTO "SAMPLE"."STATE" (ID,DISPLAY_NAME,SORT_ORDER,CODE,STATE_TYPE,COUNTRY_ID) VALUES ('CA-NB','New Brunswick',null,'NB',null,'CA');
INSERT INTO "SAMPLE"."STATE" (ID,DISPLAY_NAME,SORT_ORDER,CODE,STATE_TYPE,COUNTRY_ID) VALUES ('CA-NL','Newfoundland and Labrador',null,'NL',null,'CA');
INSERT INTO "SAMPLE"."STATE" (ID,DISPLAY_NAME,SORT_ORDER,CODE,STATE_TYPE,COUNTRY_ID) VALUES ('CA-NS','Nova Scotia',null,'NS',null,'CA');
INSERT INTO "SAMPLE"."STATE" (ID,DISPLAY_NAME,SORT_ORDER,CODE,STATE_TYPE,COUNTRY_ID) VALUES ('CA-NT','Northwest Territories',null,'NT',null,'CA');
INSERT INTO "SAMPLE"."STATE" (ID,DISPLAY_NAME,SORT_ORDER,CODE,STATE_TYPE,COUNTRY_ID) VALUES ('CA-NU','Nunavut',null,'NU',null,'CA');
INSERT INTO "SAMPLE"."STATE" (ID,DISPLAY_NAME,SORT_ORDER,CODE,STATE_TYPE,COUNTRY_ID) VALUES ('CA-ON','Ontario',null,'ON',null,'CA');
INSERT INTO "SAMPLE"."STATE" (ID,DISPLAY_NAME,SORT_ORDER,CODE,STATE_TYPE,COUNTRY_ID) VALUES ('CA-PE','Prince Edward Island',null,'PE',null,'CA');
INSERT INTO "SAMPLE"."STATE" (ID,DISPLAY_NAME,SORT_ORDER,CODE,STATE_TYPE,COUNTRY_ID) VALUES ('CA-QC','Quebec',null,'QC',null,'CA');
INSERT INTO "SAMPLE"."STATE" (ID,DISPLAY_NAME,SORT_ORDER,CODE,STATE_TYPE,COUNTRY_ID) VALUES ('CA-SK','Saskatchewan',null,'SK',null,'CA');
INSERT INTO "SAMPLE"."STATE" (ID,DISPLAY_NAME,SORT_ORDER,CODE,STATE_TYPE,COUNTRY_ID) VALUES ('CA-YT','Yukon Territory',null,'YT',null,'CA');
INSERT INTO "SAMPLE"."STATE" (ID,DISPLAY_NAME,SORT_ORDER,CODE,STATE_TYPE,COUNTRY_ID) VALUES ('MX-AGU','Aguascalientes',null,'AGU',null,'MX');
INSERT INTO "SAMPLE"."STATE" (ID,DISPLAY_NAME,SORT_ORDER,CODE,STATE_TYPE,COUNTRY_ID) VALUES ('MX-BCN','Baja California',null,'BCN',null,'MX');
INSERT INTO "SAMPLE"."STATE" (ID,DISPLAY_NAME,SORT_ORDER,CODE,STATE_TYPE,COUNTRY_ID) VALUES ('MX-BCS','Baja California Sur',null,'BCS',null,'MX');
INSERT INTO "SAMPLE"."STATE" (ID,DISPLAY_NAME,SORT_ORDER,CODE,STATE_TYPE,COUNTRY_ID) VALUES ('MX-CAM','Campeche',null,'CAM',null,'MX');
INSERT INTO "SAMPLE"."STATE" (ID,DISPLAY_NAME,SORT_ORDER,CODE,STATE_TYPE,COUNTRY_ID) VALUES ('MX-CHH','Chihuahua',null,'CHH',null,'MX');
INSERT INTO "SAMPLE"."STATE" (ID,DISPLAY_NAME,SORT_ORDER,CODE,STATE_TYPE,COUNTRY_ID) VALUES ('MX-CHP','Chiapas',null,'CHP',null,'MX');
INSERT INTO "SAMPLE"."STATE" (ID,DISPLAY_NAME,SORT_ORDER,CODE,STATE_TYPE,COUNTRY_ID) VALUES ('MX-COA','Coahuila de Zaragoza',null,'COA',null,'MX');
INSERT INTO "SAMPLE"."STATE" (ID,DISPLAY_NAME,SORT_ORDER,CODE,STATE_TYPE,COUNTRY_ID) VALUES ('MX-COL','Colima',null,'COL',null,'MX');
INSERT INTO "SAMPLE"."STATE" (ID,DISPLAY_NAME,SORT_ORDER,CODE,STATE_TYPE,COUNTRY_ID) VALUES ('MX-DIF','Distrito Federal',null,'DIF',null,'MX');
INSERT INTO "SAMPLE"."STATE" (ID,DISPLAY_NAME,SORT_ORDER,CODE,STATE_TYPE,COUNTRY_ID) VALUES ('MX-DUR','Durango',null,'DUR',null,'MX');
INSERT INTO "SAMPLE"."STATE" (ID,DISPLAY_NAME,SORT_ORDER,CODE,STATE_TYPE,COUNTRY_ID) VALUES ('MX-GRO','Guerrero',null,'GRO',null,'MX');
INSERT INTO "SAMPLE"."STATE" (ID,DISPLAY_NAME,SORT_ORDER,CODE,STATE_TYPE,COUNTRY_ID) VALUES ('MX-GUA','Guanajuato',null,'GUA',null,'MX');
INSERT INTO "SAMPLE"."STATE" (ID,DISPLAY_NAME,SORT_ORDER,CODE,STATE_TYPE,COUNTRY_ID) VALUES ('MX-HID','Hidalgo',null,'HID',null,'MX');
INSERT INTO "SAMPLE"."STATE" (ID,DISPLAY_NAME,SORT_ORDER,CODE,STATE_TYPE,COUNTRY_ID) VALUES ('MX-JAL','Jalisco',null,'JAL',null,'MX');
INSERT INTO "SAMPLE"."STATE" (ID,DISPLAY_NAME,SORT_ORDER,CODE,STATE_TYPE,COUNTRY_ID) VALUES ('MX-MEX','Mexico',null,'MEX',null,'MX');
INSERT INTO "SAMPLE"."STATE" (ID,DISPLAY_NAME,SORT_ORDER,CODE,STATE_TYPE,COUNTRY_ID) VALUES ('MX-MIC','Michoacan de Ocampo',null,'MIC',null,'MX');
INSERT INTO "SAMPLE"."STATE" (ID,DISPLAY_NAME,SORT_ORDER,CODE,STATE_TYPE,COUNTRY_ID) VALUES ('MX-MOR','Morelos',null,'MOR',null,'MX');
INSERT INTO "SAMPLE"."STATE" (ID,DISPLAY_NAME,SORT_ORDER,CODE,STATE_TYPE,COUNTRY_ID) VALUES ('MX-NAY','Nayarit',null,'NAY',null,'MX');
INSERT INTO "SAMPLE"."STATE" (ID,DISPLAY_NAME,SORT_ORDER,CODE,STATE_TYPE,COUNTRY_ID) VALUES ('MX-NLE','Nuevo Leon',null,'NLE',null,'MX');
INSERT INTO "SAMPLE"."STATE" (ID,DISPLAY_NAME,SORT_ORDER,CODE,STATE_TYPE,COUNTRY_ID) VALUES ('MX-OAX','Oaxaca',null,'OAX',null,'MX');
INSERT INTO "SAMPLE"."STATE" (ID,DISPLAY_NAME,SORT_ORDER,CODE,STATE_TYPE,COUNTRY_ID) VALUES ('MX-PUE','Puebla',null,'PUE',null,'MX');
INSERT INTO "SAMPLE"."STATE" (ID,DISPLAY_NAME,SORT_ORDER,CODE,STATE_TYPE,COUNTRY_ID) VALUES ('MX-QUE','Queretaro de Arteaga',null,'QUE',null,'MX');
INSERT INTO "SAMPLE"."STATE" (ID,DISPLAY_NAME,SORT_ORDER,CODE,STATE_TYPE,COUNTRY_ID) VALUES ('MX-ROO','Quintana Roo',null,'ROO',null,'MX');
INSERT INTO "SAMPLE"."STATE" (ID,DISPLAY_NAME,SORT_ORDER,CODE,STATE_TYPE,COUNTRY_ID) VALUES ('MX-SIN','Sinaloa',null,'SIN',null,'MX');
INSERT INTO "SAMPLE"."STATE" (ID,DISPLAY_NAME,SORT_ORDER,CODE,STATE_TYPE,COUNTRY_ID) VALUES ('MX-SLP','San Luis Potosi',null,'SLP',null,'MX');
INSERT INTO "SAMPLE"."STATE" (ID,DISPLAY_NAME,SORT_ORDER,CODE,STATE_TYPE,COUNTRY_ID) VALUES ('MX-SON','Sonora',null,'SON',null,'MX');
INSERT INTO "SAMPLE"."STATE" (ID,DISPLAY_NAME,SORT_ORDER,CODE,STATE_TYPE,COUNTRY_ID) VALUES ('MX-TAB','Tabasco',null,'TAB',null,'MX');
INSERT INTO "SAMPLE"."STATE" (ID,DISPLAY_NAME,SORT_ORDER,CODE,STATE_TYPE,COUNTRY_ID) VALUES ('MX-TAM','Tamaulipas',null,'TAM',null,'MX');
INSERT INTO "SAMPLE"."STATE" (ID,DISPLAY_NAME,SORT_ORDER,CODE,STATE_TYPE,COUNTRY_ID) VALUES ('MX-TLA','Tlaxcala',null,'TLA',null,'MX');
INSERT INTO "SAMPLE"."STATE" (ID,DISPLAY_NAME,SORT_ORDER,CODE,STATE_TYPE,COUNTRY_ID) VALUES ('MX-VER','Veracruz-Llave',null,'VER',null,'MX');
INSERT INTO "SAMPLE"."STATE" (ID,DISPLAY_NAME,SORT_ORDER,CODE,STATE_TYPE,COUNTRY_ID) VALUES ('MX-YUC','Yucatan',null,'YUC',null,'MX');
INSERT INTO "SAMPLE"."STATE" (ID,DISPLAY_NAME,SORT_ORDER,CODE,STATE_TYPE,COUNTRY_ID) VALUES ('MX-ZAC','Zacatecas',null,'ZAC',null,'MX');
INSERT INTO "SAMPLE"."STATE" (ID,DISPLAY_NAME,SORT_ORDER,CODE,STATE_TYPE,COUNTRY_ID) VALUES ('US-AK','Alaska',null,'AK',null,'US');
INSERT INTO "SAMPLE"."STATE" (ID,DISPLAY_NAME,SORT_ORDER,CODE,STATE_TYPE,COUNTRY_ID) VALUES ('US-AL','Alabama',null,'AL',null,'US');
INSERT INTO "SAMPLE"."STATE" (ID,DISPLAY_NAME,SORT_ORDER,CODE,STATE_TYPE,COUNTRY_ID) VALUES ('US-AR','Arkansas',null,'AR',null,'US');
INSERT INTO "SAMPLE"."STATE" (ID,DISPLAY_NAME,SORT_ORDER,CODE,STATE_TYPE,COUNTRY_ID) VALUES ('US-AZ','Arizona',null,'AZ',null,'US');
INSERT INTO "SAMPLE"."STATE" (ID,DISPLAY_NAME,SORT_ORDER,CODE,STATE_TYPE,COUNTRY_ID) VALUES ('US-CA','California',null,'CA',null,'US');
INSERT INTO "SAMPLE"."STATE" (ID,DISPLAY_NAME,SORT_ORDER,CODE,STATE_TYPE,COUNTRY_ID) VALUES ('US-CO','Colorado',null,'CO',null,'US');
INSERT INTO "SAMPLE"."STATE" (ID,DISPLAY_NAME,SORT_ORDER,CODE,STATE_TYPE,COUNTRY_ID) VALUES ('US-CT','Connecticut',null,'CT',null,'US');
INSERT INTO "SAMPLE"."STATE" (ID,DISPLAY_NAME,SORT_ORDER,CODE,STATE_TYPE,COUNTRY_ID) VALUES ('US-DC','District of Columbia',null,'DC',null,'US');
INSERT INTO "SAMPLE"."STATE" (ID,DISPLAY_NAME,SORT_ORDER,CODE,STATE_TYPE,COUNTRY_ID) VALUES ('US-DE','Delaware',null,'DE',null,'US');
INSERT INTO "SAMPLE"."STATE" (ID,DISPLAY_NAME,SORT_ORDER,CODE,STATE_TYPE,COUNTRY_ID) VALUES ('US-FL','Florida',null,'FL',null,'US');
INSERT INTO "SAMPLE"."STATE" (ID,DISPLAY_NAME,SORT_ORDER,CODE,STATE_TYPE,COUNTRY_ID) VALUES ('US-GA','Georgia',null,'GA',null,'US');
INSERT INTO "SAMPLE"."STATE" (ID,DISPLAY_NAME,SORT_ORDER,CODE,STATE_TYPE,COUNTRY_ID) VALUES ('US-HI','Hawaii',null,'HI',null,'US');
INSERT INTO "SAMPLE"."STATE" (ID,DISPLAY_NAME,SORT_ORDER,CODE,STATE_TYPE,COUNTRY_ID) VALUES ('US-IA','Iowa',null,'IA',null,'US');
INSERT INTO "SAMPLE"."STATE" (ID,DISPLAY_NAME,SORT_ORDER,CODE,STATE_TYPE,COUNTRY_ID) VALUES ('US-ID','Idaho',null,'ID',null,'US');
INSERT INTO "SAMPLE"."STATE" (ID,DISPLAY_NAME,SORT_ORDER,CODE,STATE_TYPE,COUNTRY_ID) VALUES ('US-IL','Illinois',null,'IL',null,'US');
INSERT INTO "SAMPLE"."STATE" (ID,DISPLAY_NAME,SORT_ORDER,CODE,STATE_TYPE,COUNTRY_ID) VALUES ('US-IN','Indiana',null,'IN',null,'US');
INSERT INTO "SAMPLE"."STATE" (ID,DISPLAY_NAME,SORT_ORDER,CODE,STATE_TYPE,COUNTRY_ID) VALUES ('US-KS','Kansas',null,'KS',null,'US');
INSERT INTO "SAMPLE"."STATE" (ID,DISPLAY_NAME,SORT_ORDER,CODE,STATE_TYPE,COUNTRY_ID) VALUES ('US-KY','Kentucky',null,'KY',null,'US');
INSERT INTO "SAMPLE"."STATE" (ID,DISPLAY_NAME,SORT_ORDER,CODE,STATE_TYPE,COUNTRY_ID) VALUES ('US-LA','Louisiana',null,'LA',null,'US');
INSERT INTO "SAMPLE"."STATE" (ID,DISPLAY_NAME,SORT_ORDER,CODE,STATE_TYPE,COUNTRY_ID) VALUES ('US-MA','Massachusetts',null,'MA',null,'US');
INSERT INTO "SAMPLE"."STATE" (ID,DISPLAY_NAME,SORT_ORDER,CODE,STATE_TYPE,COUNTRY_ID) VALUES ('US-MD','Maryland',null,'MD',null,'US');
INSERT INTO "SAMPLE"."STATE" (ID,DISPLAY_NAME,SORT_ORDER,CODE,STATE_TYPE,COUNTRY_ID) VALUES ('US-ME','Maine',null,'ME',null,'US');
INSERT INTO "SAMPLE"."STATE" (ID,DISPLAY_NAME,SORT_ORDER,CODE,STATE_TYPE,COUNTRY_ID) VALUES ('US-MI','Michigan',null,'MI',null,'US');
INSERT INTO "SAMPLE"."STATE" (ID,DISPLAY_NAME,SORT_ORDER,CODE,STATE_TYPE,COUNTRY_ID) VALUES ('US-MN','Minnesota',null,'MN',null,'US');
INSERT INTO "SAMPLE"."STATE" (ID,DISPLAY_NAME,SORT_ORDER,CODE,STATE_TYPE,COUNTRY_ID) VALUES ('US-MO','Missouri',null,'MO',null,'US');
INSERT INTO "SAMPLE"."STATE" (ID,DISPLAY_NAME,SORT_ORDER,CODE,STATE_TYPE,COUNTRY_ID) VALUES ('US-MS','Mississippi',null,'MS',null,'US');
INSERT INTO "SAMPLE"."STATE" (ID,DISPLAY_NAME,SORT_ORDER,CODE,STATE_TYPE,COUNTRY_ID) VALUES ('US-MT','Montana',null,'MT',null,'US');
INSERT INTO "SAMPLE"."STATE" (ID,DISPLAY_NAME,SORT_ORDER,CODE,STATE_TYPE,COUNTRY_ID) VALUES ('US-NC','North Carolina',null,'NC',null,'US');
INSERT INTO "SAMPLE"."STATE" (ID,DISPLAY_NAME,SORT_ORDER,CODE,STATE_TYPE,COUNTRY_ID) VALUES ('US-ND','North Dakota',null,'ND',null,'US');
INSERT INTO "SAMPLE"."STATE" (ID,DISPLAY_NAME,SORT_ORDER,CODE,STATE_TYPE,COUNTRY_ID) VALUES ('US-NE','Nebraska',null,'NE',null,'US');
INSERT INTO "SAMPLE"."STATE" (ID,DISPLAY_NAME,SORT_ORDER,CODE,STATE_TYPE,COUNTRY_ID) VALUES ('US-NH','New Hampshire',null,'NH',null,'US');
INSERT INTO "SAMPLE"."STATE" (ID,DISPLAY_NAME,SORT_ORDER,CODE,STATE_TYPE,COUNTRY_ID) VALUES ('US-NJ','New Jersey',null,'NJ',null,'US');
INSERT INTO "SAMPLE"."STATE" (ID,DISPLAY_NAME,SORT_ORDER,CODE,STATE_TYPE,COUNTRY_ID) VALUES ('US-NM','New Mexico',null,'NM',null,'US');
INSERT INTO "SAMPLE"."STATE" (ID,DISPLAY_NAME,SORT_ORDER,CODE,STATE_TYPE,COUNTRY_ID) VALUES ('US-NV','Nevada',null,'NV',null,'US');
INSERT INTO "SAMPLE"."STATE" (ID,DISPLAY_NAME,SORT_ORDER,CODE,STATE_TYPE,COUNTRY_ID) VALUES ('US-NY','New York',null,'NY',null,'US');
INSERT INTO "SAMPLE"."STATE" (ID,DISPLAY_NAME,SORT_ORDER,CODE,STATE_TYPE,COUNTRY_ID) VALUES ('US-OH','Ohio',null,'OH',null,'US');
INSERT INTO "SAMPLE"."STATE" (ID,DISPLAY_NAME,SORT_ORDER,CODE,STATE_TYPE,COUNTRY_ID) VALUES ('US-OK','Oklahoma',null,'OK',null,'US');
INSERT INTO "SAMPLE"."STATE" (ID,DISPLAY_NAME,SORT_ORDER,CODE,STATE_TYPE,COUNTRY_ID) VALUES ('US-OR','Oregon',null,'OR',null,'US');
INSERT INTO "SAMPLE"."STATE" (ID,DISPLAY_NAME,SORT_ORDER,CODE,STATE_TYPE,COUNTRY_ID) VALUES ('US-PA','Pennsylvania',null,'PA',null,'US');
INSERT INTO "SAMPLE"."STATE" (ID,DISPLAY_NAME,SORT_ORDER,CODE,STATE_TYPE,COUNTRY_ID) VALUES ('US-RI','Rhode Island',null,'RI',null,'US');
INSERT INTO "SAMPLE"."STATE" (ID,DISPLAY_NAME,SORT_ORDER,CODE,STATE_TYPE,COUNTRY_ID) VALUES ('US-SC','South Carolina',null,'SC',null,'US');
INSERT INTO "SAMPLE"."STATE" (ID,DISPLAY_NAME,SORT_ORDER,CODE,STATE_TYPE,COUNTRY_ID) VALUES ('US-SD','South Dakota',null,'SD',null,'US');
INSERT INTO "SAMPLE"."STATE" (ID,DISPLAY_NAME,SORT_ORDER,CODE,STATE_TYPE,COUNTRY_ID) VALUES ('US-TN','Tennessee',null,'TN',null,'US');
INSERT INTO "SAMPLE"."STATE" (ID,DISPLAY_NAME,SORT_ORDER,CODE,STATE_TYPE,COUNTRY_ID) VALUES ('US-TX','Texas',null,'TX',null,'US');
INSERT INTO "SAMPLE"."STATE" (ID,DISPLAY_NAME,SORT_ORDER,CODE,STATE_TYPE,COUNTRY_ID) VALUES ('US-UT','Utah',null,'UT',null,'US');
INSERT INTO "SAMPLE"."STATE" (ID,DISPLAY_NAME,SORT_ORDER,CODE,STATE_TYPE,COUNTRY_ID) VALUES ('US-VA','Virginia',null,'VA',null,'US');
INSERT INTO "SAMPLE"."STATE" (ID,DISPLAY_NAME,SORT_ORDER,CODE,STATE_TYPE,COUNTRY_ID) VALUES ('US-VT','Vermont',null,'VT',null,'US');
INSERT INTO "SAMPLE"."STATE" (ID,DISPLAY_NAME,SORT_ORDER,CODE,STATE_TYPE,COUNTRY_ID) VALUES ('US-WA','Washington',null,'WA',null,'US');
INSERT INTO "SAMPLE"."STATE" (ID,DISPLAY_NAME,SORT_ORDER,CODE,STATE_TYPE,COUNTRY_ID) VALUES ('US-WI','Wisconsin',null,'WI',null,'US');
INSERT INTO "SAMPLE"."STATE" (ID,DISPLAY_NAME,SORT_ORDER,CODE,STATE_TYPE,COUNTRY_ID) VALUES ('US-WV','West Virginia',null,'WV',null,'US');
INSERT INTO "SAMPLE"."STATE" (ID,DISPLAY_NAME,SORT_ORDER,CODE,STATE_TYPE,COUNTRY_ID) VALUES ('US-WY','Wyoming',null,'WY',null,'US');
